images,run_1,run_2,run_3,run_4,run_5,run_6,run_7,run_8,run_9,run_10
1,0.11644983291625977,0.07570099830627441,0.06207275390625,0.06113910675048828,0.06096601486206055,0.06032705307006836,0.061052799224853516,0.06398510932922363,0.06184816360473633,0.06298089027404785
25,0.29479002952575684,0.12642908096313477,0.11788630485534668,0.12363195419311523,0.11392998695373535,0.11492204666137695,0.11408472061157227,0.11904001235961914,0.12945795059204102,0.13562607765197754
225,1.2693309783935547,0.7858691215515137,0.7817130088806152,0.7874691486358643,0.7771708965301514,0.7859909534454346,0.7759928703308105,0.8127589225769043,0.8055591583251953,0.7856268882751465
425,1.9359550476074219,1.4695203304290771,1.4680171012878418,1.4612982273101807,1.4372971057891846,1.4460070133209229,1.455014944076538,1.452733039855957,1.4529030323028564,1.4854280948638916
625,2.9989449977874756,2.126244068145752,2.133305072784424,2.1254611015319824,2.1482460498809814,2.1212358474731445,2.1251230239868164,2.147688865661621,2.1352648735046387,2.137061834335327
825,3.3506429195404053,3.552295207977295,2.7821850776672363,2.775641918182373,2.7725090980529785,2.768385171890259,2.7959091663360596,2.779153347015381,2.861482858657837,2.800477981567383
1025,4.216689825057983,4.210252046585083,4.490077972412109,4.473755836486816,4.370161771774292,4.257876873016357,4.7247796058654785,4.619722843170166,4.486512899398804,4.5812883377075195
