images,time_seconds
1,0.11644983291625977
25,0.29479002952575684
225,1.2693309783935547
425,1.9359550476074219
625,2.9989449977874756
825,3.3506429195404053
1025,4.216689825057983
